City,Latitude,Longitude,Country,Cloudiness,Humidity (%),Max Temp (F),Wind Speed (mph),Date
Namie,37.52,140.86,JP,75,83,88.0,5.82,1567820664
New Norfolk,-42.78,147.06,AU,100,81,48.0,5.99,1567820664
Vaini,15.34,74.49,IN,100,92,77.28,7.0,1567820664
Arraial do Cabo,-22.97,-42.02,BR,86,81,66.21,17.63,1567820664
Kaitangata,-46.28,169.85,NZ,91,53,52.0,8.99,1567820664
Hilo,19.71,-155.08,US,40,66,84.2,8.05,1567820370
Atar,20.52,-13.05,MR,60,43,90.0,0.56,1567820665
Kununurra,-15.77,128.74,AU,0,51,84.2,8.05,1567820665
Carutapera,-1.2,-46.02,BR,40,84,76.86,4.21,1567820665
Denpasar,-8.65,115.22,ID,40,83,78.8,11.41,1567820660
Darhan,49.49,105.92,MN,0,60,53.48,4.56,1567820665
Bredasdorp,-34.53,20.04,ZA,0,93,59.0,2.24,1567820665
Kedrovyy,56.17,91.82,RU,0,86,41.0,4.47,1567820666
Luderitz,-26.65,15.16,NA,0,93,53.6,9.17,1567820666
Dzilam Gonzalez,21.28,-88.93,MX,12,81,83.11,11.68,1567820666
Hithadhoo,-0.6,73.08,MV,67,75,83.36,14.12,1567820666
Foumban,5.73,10.9,CM,79,91,62.97,1.34,1567820666
Dudinka,69.41,86.18,RU,90,100,48.2,8.95,1567820667
Hermanus,-34.42,19.24,ZA,0,72,64.99,8.01,1567820418
San Quintin,17.54,120.52,PH,37,84,82.82,17.78,1567820667
Shelton,41.32,-73.09,US,90,72,63.0,14.99,1567820667
Kapaa,22.08,-159.32,US,75,55,89.6,9.17,1567820402
Lebu,8.96,38.73,ET,80,87,53.5,2.1,1567820667
Carnarvon,-30.97,22.13,ZA,0,40,54.06,13.18,1567820668
Aklavik,68.22,-135.01,CA,0,63,57.68,7.99,1567820668
Ahipara,-35.17,173.16,NZ,64,89,63.0,15.93,1567820668
Hobart,-42.88,147.33,AU,100,91,48.0,4.0,1567820418
Fortuna,40.6,-124.16,US,1,88,64.99,12.75,1567820668
Ust-Ishim,57.69,71.17,RU,42,80,51.38,9.51,1567820668
Nuevo Progreso,26.05,-97.95,US,1,70,89.01,6.93,1567820668
Anadyr,64.73,177.51,RU,40,71,51.8,11.18,1567820669
Oistins,13.07,-59.53,BB,20,88,78.8,4.7,1567820669
Cabo San Lucas,22.89,-109.91,MX,40,70,84.99,10.29,1567820553
Pisco,-13.71,-76.2,PE,0,82,60.8,13.87,1567820669
Hasaki,35.73,140.83,JP,75,70,87.8,2.24,1567820669
Port Alfred,-33.59,26.89,ZA,0,87,52.0,3.0,1567820670
Tuktoyaktuk,69.44,-133.03,CA,0,72,52.17,13.33,1567820670
Buraydah,26.33,43.97,SA,0,27,87.8,8.05,1567820670
Hopelchen,19.77,-89.85,MX,75,83,75.2,6.93,1567820670
Marsaxlokk,35.84,14.54,MT,20,83,75.2,10.29,1567820670
Solhan,38.97,41.05,TR,0,62,55.4,3.85,1567820670
Mayumba,-3.44,10.65,GA,100,86,73.97,8.7,1567820671
Saskylakh,71.97,114.09,RU,99,84,42.79,5.57,1567820671
Praia da Vitoria,38.73,-27.07,PT,75,68,69.8,14.67,1567820671
Partenit,44.58,34.34,UA,0,76,57.32,5.93,1567820671
Nikolskoye,59.7,30.79,RU,0,87,50.0,2.24,1567820672
Praia,-20.25,-43.81,BR,0,64,68.0,9.17,1567820672
Mataura,-46.19,168.86,NZ,64,73,50.0,8.01,1567820672
Kuytun,54.34,101.51,RU,98,87,42.52,8.88,1567820672
Albany,42.65,-73.75,US,1,93,63.0,5.82,1567820672
Atuona,-9.8,-139.03,PF,100,71,79.17,8.25,1567820672
Geraldton,49.72,-86.95,CA,90,100,53.6,2.24,1567820673
Samarai,-10.62,150.67,PG,29,59,76.9,11.86,1567820673
Suntar,62.16,117.65,RU,100,77,49.92,6.73,1567820673
Hofn,64.25,-15.21,IS,100,92,36.81,3.51,1567820673
Qaanaaq,77.48,-69.36,GL,0,63,24.75,7.29,1567820674
Cape Town,-33.93,18.42,ZA,0,87,64.99,4.7,1567820674
Mlyniv,50.51,25.61,UA,21,96,52.0,5.82,1567820674
Sampit,-2.54,112.95,ID,85,55,86.76,4.16,1567820674
Punta Arenas,-53.16,-70.91,CL,20,92,30.2,9.17,1567820674
Ilorin,8.5,4.55,NG,65,92,72.08,6.62,1567820674
Cherskiy,68.75,161.3,RU,93,57,43.4,7.99,1567820675
Constitucion,23.99,-104.67,MX,90,77,68.0,8.05,1567820675
Taga,-8.61,120.44,ID,8,47,86.82,6.22,1567820675
Teya,21.05,-89.07,MX,75,88,75.99,6.93,1567820675
Blankenberge,51.31,3.13,BE,20,72,61.0,11.41,1567820456
Rikitea,-23.12,-134.97,PF,0,62,65.33,31.72,1567820676
Padang,-0.92,100.36,ID,74,81,80.66,12.28,1567820627
Port Elizabeth,39.31,-74.98,US,90,82,64.0,16.11,1567820676
Walvis Bay,-22.95,14.51,NA,1,82,57.2,11.41,1567820676
Alvaraes,-3.22,-64.8,BR,96,83,75.5,1.05,1567820676
Antalaha,-14.9,50.28,MG,98,92,64.46,3.76,1567820676
Bethel,60.79,-161.76,US,90,87,55.4,12.75,1567820501
Clyde River,70.47,-68.59,CA,89,83,33.95,10.25,1567820677
Puerto Ayora,-0.74,-90.35,EC,35,89,68.0,4.0,1567820677
Pochutla,15.74,-96.47,MX,40,69,82.4,5.3,1567820677
Bluff,-23.58,149.07,AU,0,21,78.52,3.71,1567820677
Jennings,-28.93,151.93,AU,0,30,60.01,1.99,1567820678
Srednekolymsk,67.46,153.71,RU,76,52,47.06,6.02,1567820678
Barrow,-38.31,-60.23,AR,100,91,45.0,9.44,1567820678
Ishinomaki,38.42,141.3,JP,75,83,78.8,5.82,1567820678
Ushuaia,-54.81,-68.31,AR,0,69,35.6,4.7,1567820678
Ontario,34.07,-117.65,US,1,29,93.2,13.87,1567820623
Castro,-42.48,-73.76,CL,75,100,44.6,1.88,1567820679
Jamestown,-33.21,138.6,AU,100,64,51.5,16.11,1567820673
Yulara,-25.24,130.99,AU,0,20,66.2,16.11,1567820679
Bambous Virieux,-20.34,57.76,MU,40,94,71.01,2.24,1567820679
Whitehorse,60.72,-135.06,CA,0,50,54.24,0.47,1567820409
Andros,37.83,24.93,GR,0,46,73.99,17.22,1567820679
Butaritari,3.07,172.79,KI,12,68,84.89,8.03,1567820679
Cidreira,-30.17,-50.22,BR,91,90,60.79,14.74,1567820680
Lorengau,-2.02,147.27,PG,52,71,83.18,11.16,1567820680
Mpanda,-3.17,29.4,BI,29,48,64.28,3.78,1567820680
Poum,41.28,20.71,MK,40,82,60.8,6.93,1567820680
Longyearbyen,78.22,15.63,NO,40,69,33.8,4.7,1567820681
Enshi,30.29,109.48,CN,76,62,74.47,3.11,1567820681
Ribeira Grande,38.52,-28.7,PT,9,69,69.66,8.86,1567820681
Kodiak,39.95,-94.76,US,1,88,71.6,6.93,1567820681
Rio Gallegos,-51.62,-69.22,AR,0,92,30.2,3.36,1567820681
Seymchan,62.93,152.39,RU,100,80,41.04,6.93,1567820681
Khatanga,71.98,102.47,RU,77,82,48.3,10.38,1567820682
Touros,-5.2,-35.46,BR,20,83,73.4,8.05,1567820476
Victoria,5.28,115.24,BN,75,88,86.0,1.12,1567820487
Jaciara,-15.95,-54.98,BR,1,25,75.06,3.65,1567820682
Caravelas,-17.73,-39.27,BR,100,80,72.31,15.32,1567820682
Cayenne,4.94,-52.33,GF,0,88,78.8,3.36,1567820682
Rockland,45.55,-75.29,CA,100,90,61.0,1.99,1567820683
Souillac,45.6,-0.6,FR,0,82,55.99,3.36,1567820683
Sao Filipe,14.9,-24.5,CV,45,85,80.93,13.06,1567820683
Nouadhibou,20.93,-17.03,MR,0,73,73.4,14.99,1567820683
Lavrentiya,65.58,-170.99,RU,91,69,49.95,5.14,1567820683
Konstantinovka,46.85,29.85,UA,0,71,61.49,8.28,1567820684
Pangody,65.85,74.49,RU,96,76,56.29,10.49,1567820684
Saint-Omer,50.75,2.25,FR,0,93,60.01,11.52,1567820684
Zirovnice,49.25,15.19,CZ,100,100,55.0,6.93,1567820684
Chokurdakh,70.62,147.9,RU,99,82,44.28,1.34,1567820685
Male,50.74,33.7,UA,0,94,57.05,7.25,1567820685
Ponta do Sol,-20.63,-46.0,BR,72,87,63.26,8.57,1567820685
Berlevag,70.86,29.09,NO,100,89,46.46,29.1,1567820685
Busselton,-33.64,115.35,AU,52,60,59.0,1.86,1567820685
Gat,14.69,-16.54,SN,20,94,78.8,3.36,1567820686
Mar del Plata,-46.43,-67.52,AR,2,81,37.52,3.49,1567820552
Upernavik,72.79,-56.15,GL,0,64,36.13,11.65,1567820686
Benguela,-12.58,13.4,AO,20,91,69.83,10.96,1567820686
Yellowknife,62.45,-114.38,CA,18,66,51.01,13.0,1567820686
Norman Wells,65.28,-126.83,CA,5,87,50.87,4.72,1567820687
Kendari,-3.99,122.52,ID,11,51,86.94,6.69,1567820687
Henties Bay,-22.12,14.28,NA,0,86,57.0,4.0,1567820687
Marsa Matruh,31.35,27.25,EG,0,67,79.56,9.26,1567820687
Bom Jesus,-9.08,-44.36,BR,36,48,71.03,6.02,1567820687
Russell,38.9,-98.86,US,1,60,78.8,6.93,1567820687
Almaznyy,48.03,40.04,RU,20,55,64.4,13.42,1567820688
Avarua,-21.21,-159.78,CK,1,69,77.0,20.8,1567820577
Kamenka,48.03,28.7,MD,0,90,51.01,3.98,1567820688
Agirish,61.92,63.02,RU,0,75,51.11,4.54,1567820688
Salym,60.06,71.48,RU,27,78,49.67,4.32,1567820688
Severo-Kurilsk,50.68,156.12,RU,0,88,51.2,15.61,1567820689
Huarmey,-10.07,-78.15,PE,100,90,59.89,15.19,1567820689
Jutai,-1.71,-47.89,BR,78,95,73.28,3.09,1567820689
Fare,-16.7,-151.02,PF,54,74,74.0,22.46,1567820689
Kyaikto,17.31,97.01,MM,100,96,75.73,4.12,1567820689
Tasiilaq,65.61,-37.64,GL,100,75,41.0,34.45,1567820690
Simi,9.57,-12.35,SL,100,96,73.62,1.21,1567820690
Mehamn,71.03,27.85,NO,100,90,43.19,26.42,1567820690
Chuy,-33.69,-53.46,UY,100,97,54.6,13.11,1567820690
Belyy Yar,53.6,91.39,RU,0,87,50.0,2.24,1567820691
Monteprandone,42.92,13.83,IT,45,88,68.0,5.82,1567820691
Smirnykh,49.74,142.83,RU,48,64,70.13,7.11,1567820691
High Level,58.52,-117.13,CA,96,74,55.7,4.54,1567820691
Lompoc,34.64,-120.46,US,1,77,77.0,10.29,1567820476
Dire,9.18,38.92,ET,80,87,53.5,2.1,1567820692
Kudahuvadhoo,2.67,72.89,MV,1,72,83.52,9.24,1567820692
Thompson,55.74,-97.86,CA,40,81,50.0,3.36,1567820548
Koslan,63.46,48.9,RU,6,95,49.47,7.52,1567820692
Naryan-Mar,67.67,53.09,RU,100,89,51.27,16.82,1567820692
Havre-Saint-Pierre,50.23,-63.6,CA,1,72,43.38,3.76,1567820693
Katsuura,33.93,134.5,JP,75,79,87.01,12.75,1567820693
Dikson,73.51,80.55,RU,100,94,42.72,29.82,1567820693
Balingasay,16.36,119.86,PH,7,81,83.69,20.67,1567820693
Saint-Philippe,45.36,-73.48,CA,90,72,66.0,3.36,1567820693
Filadelfia,-22.35,-60.04,PY,100,41,82.23,9.04,1567820693
Tiksi,71.64,128.87,RU,100,79,40.2,9.15,1567820694
Rawson,-43.3,-65.11,AR,100,68,44.64,14.74,1567820694
East London,-33.02,27.91,ZA,0,86,49.09,5.88,1567820694
Isangel,-19.55,169.27,VU,40,54,78.8,9.17,1567820694
Kon Tum,14.36,108.0,VN,93,96,73.82,2.95,1567820695
Znamenskoye,57.13,73.82,RU,90,76,52.62,9.44,1567820695
Babushkin,51.72,105.86,RU,100,83,45.18,7.49,1567820695
Porto Empedocle,37.29,13.53,IT,0,67,64.99,4.0,1567820695
San Luis,-33.3,-66.34,AR,62,60,51.39,11.52,1567820695
Zhuhai,40.71,112.04,CN,0,43,71.6,4.47,1567820695
Magadan,59.56,150.8,RU,71,72,53.79,8.61,1567820696
Auki,12.18,6.51,NG,72,88,73.95,5.77,1567820696
Poya,-21.35,165.16,NC,0,66,70.24,8.79,1567820696
Tynda,55.15,124.74,RU,100,58,56.47,10.07,1567820696
Kutum,14.2,24.66,SD,99,58,75.35,6.8,1567820696
Abalak,15.46,6.28,NE,53,40,88.53,11.1,1567820697
Stykkisholmur,65.08,-22.73,IS,100,94,48.28,14.34,1567820697
Lafiagi,8.85,5.42,NG,96,96,72.96,4.59,1567820697
Kavieng,-2.57,150.8,PG,100,76,81.31,13.78,1567820697
Lerici,44.07,9.91,IT,0,82,64.0,4.7,1567820697
Puerto del Rosario,28.5,-13.86,ES,75,69,73.4,16.11,1567820698
Ilheus,-14.79,-39.05,BR,75,94,73.4,2.24,1567820698
La Ronge,55.1,-105.3,CA,8,83,46.88,3.47,1567820698
Fort Nelson,58.81,-122.69,CA,100,84,54.2,2.68,1567820698
Karpathos,35.51,27.21,GR,3,78,75.2,25.28,1567820698
Moerai,-22.43,-151.33,PF,0,68,67.59,18.1,1567820699
Georgetown,6.8,-58.16,GY,20,78,82.4,6.93,1567820400
West Odessa,31.84,-102.48,US,1,27,91.4,6.93,1567820699
Bridlington,54.08,-0.19,GB,18,87,55.0,5.82,1567820699
Umm Lajj,25.02,37.27,SA,4,73,84.62,11.88,1567820699
Paramonga,-10.68,-77.82,PE,98,93,58.13,11.48,1567820699
Tangwani,28.28,69.0,PK,65,79,87.8,7.47,1567820700
Yaan,7.38,8.57,NG,63,92,74.2,4.88,1567820700
Darnah,32.77,22.64,LY,0,77,78.84,12.28,1567820412
Broome,52.47,1.45,GB,0,93,52.0,6.93,1567820700
Taoudenni,22.68,-3.98,ML,11,29,90.87,15.9,1567820700
Boa Vista,2.82,-60.67,BR,0,69,82.4,2.24,1567820654
Saint George,39.45,22.34,GR,20,72,66.2,0.67,1567820701
Juneau,58.3,-134.42,US,1,40,69.8,3.36,1567820701
Bereda,43.27,-7.54,ES,0,72,60.8,1.12,1567820701
Beyneu,45.32,55.19,KZ,15,32,63.78,4.45,1567820701
Chegdomyn,51.13,133.04,RU,97,73,70.4,3.36,1567820701
Pucallpa,-8.38,-74.54,PE,40,94,77.0,3.36,1567820701
Tromso,69.65,18.96,NO,90,81,46.4,20.8,1567820702
Talnakh,69.49,88.39,RU,90,100,48.2,8.95,1567820702
Kibala,9.11,18.35,TD,20,94,75.2,4.61,1567820702
Kintampo,8.05,-1.73,GH,100,97,71.86,8.23,1567820702
Deputatskiy,69.3,139.9,RU,100,87,39.12,4.76,1567820702
Brokopondo,5.06,-54.98,SR,20,78,80.6,5.82,1567820703
Wufeng,27.44,104.87,CN,68,87,68.48,4.32,1567820703
Grindavik,63.84,-22.43,IS,90,87,51.8,23.04,1567820703
Kailua,21.39,-157.74,US,20,66,89.6,16.11,1567820704
Pekalongan,-6.89,109.67,ID,65,36,89.3,3.02,1567820704
Tateyama,36.66,137.31,JP,40,49,95.0,11.41,1567820704
Chulumani,-16.41,-67.53,BO,100,87,37.8,3.96,1567820704
Matara,-3.48,29.48,BI,27,63,52.71,1.52,1567820705
Turayf,31.68,38.65,SA,0,64,69.8,9.17,1567820705
Hovd,63.83,10.7,NO,90,100,48.99,3.36,1567820705
Santa Rosa,-36.62,-64.29,AR,20,95,40.43,7.27,1567820705
Baruun-Urt,46.68,113.28,MN,97,73,64.48,9.53,1567820706
Morondava,-20.3,44.28,MG,0,66,72.92,22.06,1567820706
Revelstoke,50.99,-118.19,CA,0,69,56.45,0.45,1567820706
Beidao,34.57,105.89,CN,74,63,70.29,5.97,1567820706
Port Hardy,50.7,-127.42,CA,88,84,60.92,9.51,1567820706
Leningradskiy,69.38,178.42,RU,32,79,44.93,5.7,1567820707
Winnemucca,40.97,-117.74,US,1,18,84.2,14.99,1567820707
Isabela,10.2,122.99,PH,29,74,84.41,13.69,1567820707
Eureka,40.8,-124.16,US,90,87,66.99,9.17,1567820707
Airai,-8.93,125.41,TL,0,52,81.62,7.18,1567820708
Mandeville,30.36,-90.07,US,1,88,91.4,3.29,1567820708
Manicore,-5.81,-61.3,BR,100,96,73.21,2.37,1567820708
Abu Kamal,34.45,40.92,SY,0,71,71.27,13.67,1567820708
Moses Lake,47.13,-119.28,US,1,39,84.0,8.05,1567820706
Tura,64.27,100.22,RU,0,62,54.44,5.14,1567820708
Jumla,29.28,82.18,NP,58,83,60.95,3.31,1567820709
Sitka,37.17,-99.65,US,0,63,82.0,7.0,1567820709
Quelimane,-17.88,36.89,MZ,75,83,69.8,13.87,1567820709
Sheltozero,61.37,35.37,RU,8,94,49.99,8.63,1567820709
Arman,59.7,150.17,RU,43,60,54.15,4.23,1567820710
Makakilo City,21.35,-158.09,US,40,52,89.6,13.87,1567820710
Saint-Augustin,45.63,-73.98,CA,100,73,64.99,7.36,1567820710
Mahebourg,-20.41,57.7,MU,40,94,71.01,2.24,1567820710
Mae Ramat,16.98,98.52,TH,90,100,75.2,4.7,1567820710
Sakaraha,-22.91,44.53,MG,94,71,59.42,18.19,1567820711
Meulaboh,4.14,96.13,ID,36,79,82.19,10.92,1567820711
Belaya Kholunitsa,58.84,50.85,RU,0,94,48.23,4.23,1567820711
Moose Factory,51.26,-80.61,CA,100,80,42.02,8.23,1567820711
Bar Harbor,44.39,-68.2,US,1,81,55.99,5.82,1567820561
Ewa Beach,21.32,-158.01,US,40,52,89.6,13.87,1567820647
Mazatlan,23.22,-106.42,MX,75,70,88.0,8.05,1567820712
Ujhani,28.0,79.01,IN,29,71,86.24,8.1,1567820712
Paracuru,-3.41,-39.03,BR,75,69,80.6,14.99,1567820712
Vila Franca do Campo,37.72,-25.43,PT,75,72,68.0,5.82,1567820712
Tuatapere,-46.13,167.69,NZ,75,73,50.0,8.01,1567820713
Jalu,29.03,21.55,LY,0,56,74.97,5.26,1567820713
Preobrazheniye,42.9,133.91,RU,100,98,68.44,1.9,1567820713
Hidalgo,26.1,-98.26,US,1,70,89.01,6.93,1567820713
Salalah,17.01,54.1,OM,90,100,78.8,3.36,1567820713
Beringovskiy,63.05,179.32,RU,17,67,51.36,5.75,1567820714
Tazovskiy,67.47,78.7,RU,60,88,49.4,8.19,1567820714
Twentynine Palms,34.14,-116.05,US,1,9,118.4,11.41,1567820714
Muli,28.08,109.56,CN,58,56,82.52,4.56,1567820714
Gaoua,10.33,-3.18,BF,88,95,72.54,3.36,1567820714
Aksu,52.04,76.93,KZ,31,93,42.8,5.23,1567820715
Fukue,35.03,136.69,JP,75,66,93.99,17.22,1567820715
Loreto,-23.27,-57.32,PY,70,47,76.95,4.14,1567820715
Kem,2.68,33.77,UG,93,96,66.55,2.35,1567820715
Marzuq,14.4,46.47,YE,95,28,77.4,3.71,1567820715
Aloleng,16.13,119.78,PH,69,82,83.74,20.6,1567820715
Parana,-7.52,-72.89,BR,69,93,71.23,1.86,1567820716
Palmer,-34.85,139.16,AU,75,71,55.99,14.99,1567820716
Svetlogorsk,53.14,59.15,RU,40,100,44.6,6.71,1567820716
Takaka,-40.86,172.81,NZ,0,71,59.0,8.01,1567820716
Pevek,69.7,170.27,RU,100,88,38.99,9.78,1567820716
Lyubinskiy,55.15,72.69,RU,40,93,51.8,11.18,1567820717
Kumluca,36.37,30.29,TR,0,68,60.59,6.31,1567820717
Valday,57.98,33.25,RU,6,96,47.56,2.59,1567820717
Contamana,-7.35,-75.01,PE,20,86,73.35,2.71,1567820717
Guarapari,-20.67,-40.5,BR,90,82,68.0,6.93,1567820717
Bryukhovetskaya,45.8,39.0,RU,34,85,63.49,8.32,1567820718
Sile,35.56,-106.37,US,40,25,91.4,23.29,1567820718
Trincomalee,8.58,81.23,LK,90,62,84.32,11.03,1567820718
Flin Flon,54.77,-101.88,CA,0,78,45.72,2.73,1567820718
Namatanai,-3.66,152.44,PG,100,80,78.02,19.44,1567820718
Kasulu,-4.57,30.11,TZ,42,51,67.74,10.69,1567820719
Ilulissat,69.22,-51.1,GL,81,69,35.6,2.24,1567820719
Hambantota,6.12,81.12,LK,40,100,78.8,9.17,1567820719
Eisiskes,54.17,25.0,LT,0,87,50.0,1.12,1567820719
Ballina,54.11,-9.15,IE,87,93,54.0,1.01,1567820719
Carballo,43.21,-8.69,ES,0,72,63.0,1.12,1567820720
Lagoa,37.14,-8.45,PT,0,57,75.2,3.36,1567820720
Flinders,-34.58,150.85,AU,0,48,64.0,33.33,1567820720
Mandan,46.83,-100.89,US,1,68,69.8,8.05,1567820720
Kaeo,-35.1,173.78,NZ,5,89,63.0,11.9,1567820720
Kolpashevo,58.31,82.9,RU,0,72,54.27,6.2,1567820721
Antsohihy,-14.88,47.99,MG,0,70,72.35,14.47,1567820721
Danville,37.82,-122.0,US,1,68,80.6,11.41,1567820721
Ulaangom,49.98,92.07,MN,72,36,60.95,5.53,1567820721
Srivardhan,18.03,73.02,IN,100,91,78.66,17.81,1567820721
Robore,-18.33,-59.76,BO,45,39,79.2,4.97,1567820722
Siddipet,18.1,78.85,IN,100,95,71.21,16.06,1567820722
Lensk,60.71,114.91,RU,0,69,54.17,4.92,1567820722
Port Hedland,-20.31,118.58,AU,40,64,73.4,8.05,1567820722
Gilgit,35.92,74.31,PK,1,42,50.4,7.49,1567820665
Machakos,-1.52,37.27,KE,75,88,62.6,2.24,1567820722
Quatre Cocos,-20.21,57.76,MU,40,94,71.01,2.24,1567820723
Broken Hill,-31.97,141.45,AU,40,46,53.6,19.46,1567820723
Comodoro Rivadavia,-45.87,-67.48,AR,0,86,37.4,3.36,1567820723
Linxia,35.6,103.21,CN,5,54,68.49,5.21,1567820723
Varnamo,57.19,14.04,SE,100,87,52.0,8.05,1567820723
Pauini,-7.71,-67.0,BR,33,63,78.32,0.6,1567820724
Pekan,3.49,103.39,MY,75,88,80.6,2.24,1567820724
Lukaya,-0.15,31.87,UG,20,94,69.8,3.36,1567820724
Lyubech,51.7,30.66,UA,27,80,53.82,2.53,1567820724
Oga,46.46,10.35,IT,90,100,46.4,5.08,1567820724
Rocha,-34.48,-54.34,UY,100,97,53.63,8.39,1567820724
Faanui,-16.48,-151.75,PF,3,72,75.08,21.07,1567820725
Nyurba,63.29,118.35,RU,100,87,48.89,7.54,1567820725
Karratha,-20.74,116.85,AU,0,26,79.89,7.72,1567820725
Chernyshevskiy,63.01,112.47,RU,100,74,47.67,6.38,1567820725
Bilgi,38.1,43.26,TR,0,58,55.4,4.7,1567820725
San Patricio,-26.98,-56.83,PY,0,71,71.97,9.13,1567820725
Coihaique,-45.58,-72.07,CL,0,65,41.0,5.82,1567820726
Hami,42.84,93.51,CN,52,17,80.52,6.02,1567820726
Nemuro,43.32,145.57,JP,75,78,71.6,9.17,1567820726
Pangnirtung,66.15,-65.72,CA,0,65,33.18,3.67,1567820726
Narsaq,60.91,-46.05,GL,100,94,51.8,9.17,1567820727
San Jose,14.25,-87.96,HN,90,65,78.8,8.05,1567820727
Tornio,61.12,27.27,FI,20,93,46.4,1.12,1567820727
Wajima,37.4,136.9,JP,75,66,84.2,1.12,1567820727
Olinda,-37.84,145.39,AU,40,71,54.0,24.16,1567820727
Maceio,-9.67,-35.74,BR,40,83,73.4,5.82,1567820619
Saint-Joseph,43.56,6.97,FR,0,93,64.4,4.7,1567820728
Alofi,-19.06,-169.92,NU,37,69,78.8,12.75,1567820728
Chapais,49.78,-74.86,CA,100,75,44.0,6.64,1567820728
Plettenberg Bay,-34.05,23.37,ZA,0,40,57.59,6.26,1567820728
Te Anau,-45.41,167.72,NZ,62,77,40.41,1.3,1567820729
Talwara,31.94,75.88,IN,0,72,85.05,7.27,1567820729
Lahad Datu,5.02,118.33,MY,23,62,87.45,4.63,1567820729
Kokkola,63.84,23.13,FI,33,93,54.0,4.7,1567820729
Port Hawkesbury,45.62,-61.36,CA,100,81,59.0,8.23,1567820595
Anito,12.45,125.29,PH,85,55,90.72,6.98,1567820729
Ibra,22.69,58.55,OM,100,35,86.08,1.97,1567820730
Miles City,46.41,-105.84,US,90,39,78.8,3.36,1567820730
Tatarsk,55.22,75.96,RU,37,87,53.36,13.6,1567820730
Cross Lanes,50.05,-5.22,GB,33,93,55.0,4.7,1567820730
Banda Aceh,5.56,95.32,ID,67,78,82.64,21.45,1567820730
Minsk,53.9,27.56,BY,0,100,48.2,2.24,1567820730
Torbay,47.66,-52.73,CA,100,84,55.99,3.0,1567820731
Cockburn Town,21.46,-71.14,TC,2,80,83.34,13.6,1567820731
Araria,26.13,87.47,IN,0,65,88.74,12.15,1567820731
Pacific Grove,36.62,-121.92,US,1,53,80.01,8.05,1567820682
Maltahohe,-24.83,16.98,NA,0,30,54.45,10.6,1567820731
Prince Rupert,54.32,-130.32,CA,100,77,59.19,2.89,1567820731
Iqaluit,63.75,-68.52,CA,94,75,44.01,8.01,1567820732
Vostok,46.45,135.83,RU,100,81,71.37,2.46,1567820732
Rabo de Peixe,37.8,-25.58,PT,75,72,68.0,5.82,1567820732
Paraiso,-0.03,-51.17,BR,40,83,84.2,12.75,1567820732
Tokur,53.13,132.9,RU,76,93,60.63,3.96,1567820732
Kotma,23.2,81.98,IN,0,76,82.79,5.23,1567820733
Ancud,-41.87,-73.83,CL,75,100,44.6,5.08,1567820733
Bowen,-20.01,148.25,AU,0,17,86.0,12.75,1567820733
Saint-Francois,46.42,3.91,FR,0,75,46.4,2.37,1567820733
Paamiut,61.99,-49.67,GL,100,92,43.13,9.13,1567820734
Biak,-0.91,122.88,ID,100,86,68.55,4.5,1567820734
Avera,33.19,-82.53,US,1,78,80.6,5.03,1567820734
Inza,53.86,46.36,RU,5,89,51.12,1.99,1567820734
Bogande,12.97,-0.14,BF,39,73,79.85,10.63,1567820734
Ikot Ekpene,5.18,7.71,NG,100,97,72.22,1.45,1567820735
Rundu,-17.91,19.77,NA,6,20,77.0,13.87,1567820735
Mangan,27.5,88.54,IN,100,77,65.61,2.33,1567820735
Oranjestad,12.52,-70.03,AW,0,85,82.57,19.35,1567820469
Margate,-43.03,147.26,AU,100,55,48.0,3.0,1567820735
Mandalgovi,45.76,106.27,MN,0,57,55.41,14.99,1567820736
Tortoli,39.93,9.66,IT,5,45,66.2,20.8,1567820736
Alugan,12.22,125.48,PH,85,55,90.72,6.98,1567820736
Navahrudak,53.59,25.82,BY,65,90,49.72,4.54,1567820736
Tucurui,-3.77,-49.67,BR,66,77,76.32,2.35,1567820736
Hualmay,-11.1,-77.61,PE,72,89,59.67,13.18,1567820737
Cap Malheureux,-19.98,57.61,MU,40,94,71.01,2.24,1567820737
Pacasmayo,-7.4,-79.57,PE,54,90,61.4,16.82,1567820737
Piacabucu,-10.41,-36.43,BR,17,86,73.46,11.59,1567820737
Kruisfontein,-34.0,24.73,ZA,5,68,52.4,7.31,1567820737
Ushtobe,45.25,77.98,KZ,0,44,64.86,15.79,1567820737
Ternate,14.29,120.72,PH,40,74,88.0,12.75,1567820738
Nuuk,64.17,-51.74,GL,98,93,42.8,1.12,1567820738
Dunedin,-45.87,170.5,NZ,79,58,48.99,15.99,1567820738
Port Blair,11.67,92.75,IN,75,88,80.6,11.41,1567820729
Yuli,24.82,106.77,CN,37,78,82.05,1.81,1567820738
Yeppoon,-23.13,150.74,AU,12,18,80.6,6.93,1567820739
Emerald,-23.53,148.16,AU,0,15,75.0,13.87,1567820524
Durusu,37.53,40.83,TR,0,52,73.0,3.36,1567820739
Damietta,31.42,31.81,EG,0,69,77.37,4.54,1567820739
Sorland,67.67,12.69,NO,92,71,48.87,8.08,1567820740
Valparaiso,41.47,-87.06,US,90,93,68.0,13.87,1567820740
Baoqing,46.32,132.2,CN,100,80,75.68,5.86,1567820740
Okhotsk,59.36,143.24,RU,100,35,60.83,2.19,1567820740
Burnie,-41.05,145.91,AU,89,51,54.0,7.0,1567820740
Iracoubo,5.48,-53.21,GF,5,89,77.44,5.5,1567820741
Provideniya,64.42,-173.23,RU,85,67,50.06,8.03,1567820741
Ozernovskiy,51.5,156.52,RU,95,95,49.77,7.47,1567820741
Escanaba,45.75,-87.06,US,1,93,59.0,1.86,1567820741
Oranjemund,-28.55,16.43,ZA,0,44,68.49,9.62,1567820742
Machado,-21.69,-45.92,BR,25,89,57.89,8.14,1567820742
Vestmannaeyjar,63.44,-20.27,IS,100,92,50.78,26.93,1567820742
Gornopravdinsk,60.06,69.92,RU,12,79,50.49,3.89,1567820742
Nanortalik,60.14,-45.24,GL,100,82,44.73,8.1,1567820742
Vila Velha,-3.71,-38.6,BR,75,69,80.6,14.99,1567820743
Oytal,42.91,73.27,KZ,0,31,59.85,3.58,1567820743
Jackville,5.21,-4.42,CI,75,94,77.0,10.29,1567820743
Pedernales,0.07,-80.05,EC,74,82,71.97,13.49,1567820743
Lamar,38.09,-102.62,US,1,28,86.0,9.17,1567820744
Constantine,36.36,6.61,DZ,20,87,60.8,3.36,1567820744
Jiangyou,31.78,104.73,CN,70,73,71.72,3.65,1567820744
Zhangye,38.94,100.46,CN,100,43,70.06,4.47,1567820744
Arroyo,-11.08,-66.08,BO,65,57,78.03,1.41,1567820744
Tiznit,29.7,-9.73,MA,99,90,69.02,5.64,1567820744
Namibe,-15.19,12.15,AO,92,92,66.5,9.42,1567820745
Mount Gambier,-37.83,140.78,AU,90,66,51.8,19.46,1567820745
Chara,39.42,22.43,GR,20,72,66.2,0.67,1567820745
Yoichi,43.19,140.77,JP,75,78,80.01,9.17,1567820745
Bundaberg,-24.87,152.35,AU,0,14,79.0,11.41,1567820745
Ciudad Bolivar,8.12,-63.55,VE,100,79,79.15,4.14,1567820746
Taltal,-25.41,-70.49,CL,47,89,48.01,2.19,1567820746
Aksarka,66.56,67.8,RU,43,79,55.61,11.68,1567820746
Kasama,-10.21,31.19,ZM,0,71,55.77,7.87,1567820746
Arlit,18.74,7.39,NE,20,29,93.82,2.53,1567820746
Kupino,54.36,77.31,RU,41,79,55.79,12.12,1567820747
Morant Bay,17.88,-76.41,JM,20,70,84.2,3.36,1567820570
Shimoda,34.7,138.93,JP,75,88,84.2,12.75,1567820747
Itacarambi,-15.1,-44.09,BR,0,81,66.69,11.39,1567820747
Otane,-39.89,176.62,NZ,100,56,52.69,9.78,1567820747
Bathsheba,13.22,-59.52,BB,20,88,78.8,4.7,1567820638
Waipawa,-39.94,176.59,NZ,100,56,52.69,9.78,1567820747
Xining,36.62,101.77,CN,69,49,75.0,5.88,1567820748
Huntingdon,52.33,-0.18,GB,20,100,52.0,5.82,1567820748
Murgab,37.5,61.97,TM,0,44,57.2,4.7,1567820748
Dharchula,29.85,80.53,IN,14,86,60.02,4.36,1567820748
Tahoua,14.89,5.26,NE,46,47,86.8,11.01,1567820749
Berezovyy,51.67,135.7,RU,14,44,76.77,7.36,1567820749
Esso,55.93,158.7,RU,76,72,49.04,8.88,1567820749
Vetlanda,57.43,15.09,SE,100,87,52.0,8.05,1567820749
Faya,18.39,42.45,SA,0,32,71.6,5.3,1567820749
Vallenar,-28.58,-70.76,CL,75,90,42.11,0.2,1567820750
Coquimbo,-29.95,-71.34,CL,0,87,53.6,5.82,1567820750
Kisangani,0.52,25.21,CD,96,97,68.91,1.66,1567820750
Sao Joao da Barra,-21.64,-41.05,BR,100,86,64.26,4.12,1567820750
Esperance,-33.86,121.89,AU,0,44,60.8,8.05,1567820750
Palu,-0.9,119.87,ID,4,68,85.22,6.29,1567820751
Vardo,39.62,-77.74,US,40,82,69.01,3.89,1567820751
George,-15.35,34.83,MW,98,90,58.88,10.22,1567820751
Teguise,29.06,-13.56,ES,90,73,73.4,8.05,1567820751
San Vicente,-0.59,-80.41,EC,0,77,69.8,10.29,1567820751
Kulhudhuffushi,6.62,73.07,MV,99,80,82.28,14.14,1567820751
Halifax,44.65,-63.58,CA,100,69,63.0,5.23,1567820501
Uray,60.13,64.8,RU,70,77,52.92,2.3,1567820752
Belvedere Marittimo,39.62,15.86,IT,0,76,69.01,1.01,1567820752
Leshukonskoye,64.9,45.76,RU,91,90,54.49,7.9,1567820752
Uvinza,-5.1,30.39,TZ,100,28,76.54,11.65,1567820752
Sesheke,-17.47,24.29,NA,0,22,69.8,16.11,1567820753
Nizhyn,51.05,31.88,UA,0,91,55.71,5.35,1567820753
Tira Sujanpur,31.83,76.5,IN,0,77,76.09,1.45,1567820753
Aykhal,65.95,111.51,RU,90,76,48.2,13.42,1567820753
Jeffersontown,38.19,-85.56,US,40,73,80.6,12.75,1567820753
Tugulym,57.06,64.64,RU,2,100,48.0,4.47,1567820754
Tatarbunary,45.84,29.62,UA,4,71,63.04,8.97,1567820754
Inirida,3.87,-67.92,CO,59,93,73.26,0.6,1567820754
Tomatlan,19.93,-105.25,MX,100,80,82.44,7.92,1567820754
Havelock,34.88,-76.9,US,20,83,75.2,4.7,1567820754
Yerbogachen,61.28,108.01,RU,71,60,53.66,5.26,1567820754
Port Moresby,-9.47,147.16,PG,40,58,84.2,11.41,1567820755
Sarakhs,36.54,61.16,TM,0,34,64.4,2.93,1567820755
Road Town,18.42,-64.62,VG,20,78,82.4,3.36,1567820755
Makamba,-4.13,29.8,BI,16,50,70.2,2.91,1567820755
Kijang,35.24,129.21,KR,75,78,82.4,27.51,1567820755
Lasa,34.92,32.53,CY,75,78,77.0,3.36,1567820756
Acajutla,13.59,-89.83,SV,17,76,83.79,9.19,1567820756
Fairbanks,64.84,-147.72,US,1,42,64.99,3.36,1567820596
Victoria,5.28,115.24,BN,75,88,86.0,1.12,1567820487
Vanimo,-2.67,141.3,PG,93,70,81.51,4.7,1567820756
Makubetsu,42.84,143.34,JP,75,82,68.0,2.24,1567820756
Arkhangelsk,64.54,40.54,RU,20,93,53.6,6.71,1567820757
Husavik,50.56,-96.99,CA,28,71,60.01,7.0,1567820757
Tabas,33.6,56.92,IR,0,23,77.0,2.24,1567820757
Soe,57.91,26.05,EE,5,93,50.0,2.24,1567820757
Baherden,38.44,57.43,TM,0,29,65.36,4.23,1567820757
Tual,-5.67,132.75,ID,85,86,76.67,17.27,1567820758
Sao Felix do Xingu,-6.64,-51.99,BR,5,89,70.76,0.69,1567820666
Hervey Bay,-25.3,152.85,AU,0,14,79.0,11.41,1567820758
Adrar,27.87,-0.29,DZ,40,33,86.0,12.75,1567820758
Hamilton,43.26,-79.87,CA,100,81,64.0,5.08,1567820487
Kahului,20.89,-156.47,US,40,43,91.4,28.86,1567820501
Igatpuri,19.7,73.57,IN,100,97,73.03,8.39,1567820759
Puerto Colombia,10.99,-74.96,CO,20,88,82.4,11.41,1567820759
Nizhniy Kuranakh,58.84,125.49,RU,72,76,54.63,3.74,1567820759
Palana,59.08,159.95,RU,99,92,50.08,14.14,1567820759
Douglas,58.28,-134.39,US,1,40,69.8,3.36,1567820759
Kuvandyk,51.48,57.35,RU,100,82,49.65,3.65,1567820759
Puri,-7.54,112.45,ID,72,40,88.78,10.27,1567820760
Crystal Beach,42.87,-79.06,CA,90,82,63.0,3.36,1567820760
Mirnyy,56.57,36.46,RU,29,96,52.08,4.09,1567820760
Vao,59.1,26.19,EE,98,92,47.52,6.26,1567820760
Naze,5.43,7.07,NG,100,98,71.5,1.05,1567820760
Madang,35.32,102.79,CN,44,70,54.74,3.65,1567820761
Thibodaux,29.8,-90.82,US,1,79,89.6,3.09,1567820761
Westport,41.14,-73.36,US,90,72,63.0,14.99,1567820761
Axim,4.87,-2.24,GH,100,92,76.04,7.99,1567820761
Buchanan,5.88,-10.05,LR,100,89,77.82,11.61,1567820761
Steinkjer,64.02,11.49,NO,90,100,48.0,3.36,1567820762
Jinhua,29.11,119.65,CN,26,66,84.24,6.73,1567820678
Oroville,39.51,-121.56,US,1,24,91.4,8.05,1567820762
Jablah,35.36,35.93,SY,40,73,77.0,6.93,1567820525
Imbituba,-28.24,-48.67,BR,75,93,62.6,8.05,1567820762
Princeton,38.36,-87.57,US,1,73,75.2,9.17,1567820762
Kupang,-10.16,123.6,ID,20,42,86.0,8.05,1567820726
Kinsale,51.71,-8.52,IE,75,87,51.8,3.36,1567820577
Alta Floresta,-9.87,-56.08,BR,25,51,76.95,0.51,1567820763
Breyten,-26.3,29.99,ZA,1,97,40.47,4.94,1567820763
Marienburg,52.12,9.98,DE,75,62,60.8,9.17,1567820763
Rawlins,41.79,-107.24,US,1,48,69.8,11.41,1567820764
Asadabad,34.78,48.12,IR,0,34,53.6,4.7,1567820764
Fethiye,36.62,29.12,TR,0,83,71.6,2.24,1567820764
Tezpur,26.62,92.79,IN,100,75,85.0,5.17,1567820764
Tigil,57.8,158.67,RU,83,78,57.64,8.34,1567820764
Galle,10.08,-12.83,GN,100,98,70.85,2.13,1567820765
Kalaleh,37.38,55.49,IR,0,64,68.0,2.24,1567820765
Tanabe,33.73,135.39,JP,75,66,87.8,13.87,1567820765
Muscat,23.6,58.55,OM,0,84,87.8,10.29,1567820765
Mogadishu,2.04,45.34,SO,40,69,78.8,18.34,1567820765
Diego de Almagro,-26.39,-70.05,CL,55,89,42.92,0.67,1567820765
Altay,47.83,88.13,CN,62,42,54.76,1.92,1567820766
Kargil,34.56,76.13,PK,33,43,48.3,4.9,1567820766
Gisors,49.28,1.78,FR,90,82,59.0,5.82,1567820649
North Platte,41.12,-100.77,US,1,77,66.99,8.05,1567820683
Kez,57.9,53.72,RU,0,88,47.09,1.61,1567820766
Kwakoa,-3.77,37.72,TZ,3,84,64.59,6.4,1567820767
Gimli,50.63,-96.99,CA,17,71,60.01,7.0,1567820581
Bara,10.41,10.6,NG,100,91,73.32,2.17,1567820767
Alihe,50.57,123.73,CN,100,83,67.31,3.42,1567820767
Beloha,-25.17,45.06,MG,100,67,59.73,20.56,1567820767
Guerrero Negro,27.97,-114.04,MX,16,83,71.79,17.56,1567820767
Nacogdoches,31.6,-94.66,US,1,69,87.8,1.81,1567820768
Oktyabrskoye,56.73,85.44,RU,0,93,50.0,6.71,1567820768
Egvekinot,66.32,-179.17,RU,100,52,50.35,1.63,1567820768
Nhulunbuy,-12.18,136.78,AU,0,57,80.6,13.87,1567820768
Breclav,48.76,16.88,CZ,90,93,60.01,5.82,1567820768
Rojhan,28.69,69.95,PK,18,39,93.15,3.83,1567820769
Portland,43.66,-70.25,US,90,67,60.01,8.05,1567820651
Cumana,10.46,-64.17,VE,12,81,82.23,6.4,1567820769
Atasu,48.68,71.64,KZ,100,83,48.95,14.25,1567820769
Concordia Sagittaria,45.76,12.85,IT,0,93,62.01,6.93,1567820769
Banjar,-7.37,108.54,ID,66,56,81.38,5.55,1567820769
Murray Bridge,-35.12,139.28,AU,94,62,55.0,14.0,1567820770
Belmonte,40.36,-7.35,PT,0,44,60.01,8.66,1567820770
Vaitape,-16.52,-151.75,PF,3,72,75.08,21.07,1567820770
Abha,18.22,42.5,SA,0,32,71.6,3.22,1567820770
Haines Junction,60.75,-137.51,CA,1,49,54.99,3.38,1567820770
La Plata,-34.92,-57.95,AR,90,87,57.99,9.17,1567820771
Annau,37.89,58.52,TM,0,45,64.4,9.17,1567820771
Moranbah,-22.0,148.04,AU,100,22,80.55,6.96,1567820771
Soyo,-6.13,12.37,AO,66,87,73.21,7.4,1567820771
Port Shepstone,-30.74,30.45,ZA,0,92,49.4,7.45,1567820771
Gayny,60.3,54.33,RU,0,90,47.81,3.36,1567820771
Nitra,48.31,18.09,SK,99,82,64.99,6.93,1567820772
Nicoya,10.15,-85.45,CR,75,94,77.0,4.7,1567820772
Botucatu,-22.89,-48.44,BR,55,90,58.79,6.8,1567820772
Nagornskiy,58.77,57.55,RU,0,99,39.99,0.83,1567820772
Dafeng,33.2,120.46,CN,0,71,78.88,12.88,1567820772
Gualeguay,-33.15,-59.31,AR,99,96,50.12,3.96,1567820773
Cascais,38.7,-9.42,PT,0,37,72.0,4.7,1567820773
Eyl,7.98,49.82,SO,63,69,74.6,29.91,1567820773
Neuquen,-38.95,-68.06,AR,90,87,42.8,2.24,1567820773
Alto Araguaia,-17.32,-53.22,BR,34,20,71.97,3.53,1567820773
Harper,30.3,-99.24,US,1,45,89.6,10.6,1567820774
Vrangel,42.73,133.08,RU,100,97,70.2,2.64,1567820774
Prince George,53.92,-122.75,CA,100,65,70.0,0.92,1567820501
Zhezkazgan,47.8,67.71,KZ,20,93,44.6,8.95,1567820774
Port Lincoln,-34.72,135.86,AU,100,70,54.11,18.84,1567820775
College,64.86,-147.8,US,1,42,64.99,3.36,1567820775
Ozinki,51.2,49.73,RU,100,60,60.09,6.13,1567820775
Kamaishi,39.28,141.86,JP,75,83,78.8,2.24,1567820775
Nadym,65.53,72.51,RU,13,71,56.9,9.93,1567820775
